;;;;;;;;;;;;;;;;;;;;;;;;;;;;;;;;;;;;;;;;;;;;;;;;;;
"Inquérito à Permanência de Hóspedes na Hotelaria e Outros Alojamentos: 
resultados globais incluindo AL (? 10 camas) e TER (a)";;;;;;;;;;;;;;;;;;;;;;;;;;;;;;;;;;;;;;;;;;;;;;;;;;
"Survey on Guests Stays on Hotel Establishments and Other Accommodations: 
global results including AL (10 or more beds) and TER (a)";;;;;;;;;;;;;;;;;;;;;;;;;;;;;;;;;;;;;;;;;;;;;;;;;;
3. Hóspedes não residentes nos estabelecimentos de alojamento turístico, por países de residência;;;;;;;;;;;;;;;;;;;;;;;;;;;;;;;;;;;;;;;;;;;;;;;;;;
3. Non-resident guests in tourist accommodation establishments, by country of residence;;;;;;;;;;;;;;;;;;;;;;;;;;;;;;;;;;;;;;;;;;;;;;;;;;
;;;;;;;;; ;;;;;;;;;;;;;;;;;;;;;;;;;;;;;;;;;;;;;;;;;
;;;;;;;;;;;;;;;;;;;;Unidade/Unit: nº ;;;;;;;;;;;;;;;;;;;;;;;;;;;;;;
Anos e meses;Total;Reino Unido;Espanha;Alemanha;França;Países Baixos;EUA;Itália;Brasil;Polónia;Bélgica;Irlanda;Suíça;Dinamarca;Suécia;Áustria;Chéquia;Roménia;Outros;Year / month;;;;;;;;;;;;;;;;;;;;;;;;;;;;;;
;;;;;;;;;;;;;;;;;;;;;;;;;;;;;;;;;;;;;;;;;;;;;;;;;;
2013;8.624.099;1.421.318;1.305.504;949.499;880.357;457.124;349.000;339.290;535.677;128.940;188.117;220.345;163.019;98.352;122.103;82.477;33.810;34.377;1.314.790;2013;;;;;;;;;;;;;;;;;;;;;;;;;;;;;;
Janeiro ;302.245;43.442;43.382;33.223;22.621;16.949;10.221;13.683;31.870;3.493;4.054;3.031;4.301;4.462;4.229;2.153;1.394;1.486;58.251;January ;;;;;;;;;;;;;;;;;;;;;;;;;;;;;;
Fevereiro;363.163;56.033;54.362;48.107;29.161;23.151;11.150;12.254;27.104;4.374;5.739;4.463;6.265;7.111;6.874;3.757;1.148;1.088;61.022;February ;;;;;;;;;;;;;;;;;;;;;;;;;;;;;;
Março ;555.916;80.383;114.128;79.967;42.449;26.401;19.734;18.042;27.061;3.988;8.793;8.449;9.170;10.162;11.773;6.191;1.371;1.900;85.954;March ;;;;;;;;;;;;;;;;;;;;;;;;;;;;;;
Abril ;702.168;118.230;77.883;87.164;79.710;33.314;30.614;29.316;39.280;9.681;17.667;16.594;15.100;9.613;13.576;9.387;2.489;2.462;110.088;April ;;;;;;;;;;;;;;;;;;;;;;;;;;;;;;
Maio ;935.204;162.796;99.634;109.273;118.840;56.441;40.787;30.447;62.656;11.813;22.062;31.830;17.718;7.725;9.980;11.755;4.084;3.405;133.958;May ;;;;;;;;;;;;;;;;;;;;;;;;;;;;;;
Junho;902.565;171.419;103.526;93.156;91.503;53.389;45.276;31.013;58.361;14.632;20.743;34.562;15.491;7.402;8.823;8.281;4.442;3.383;137.163;June ;;;;;;;;;;;;;;;;;;;;;;;;;;;;;;
Julho ;1.009.618;170.666;165.098;89.051;91.138;66.269;38.833;36.861;58.001;21.060;31.850;30.732;22.612;14.549;12.452;9.266;4.373;4.410;142.397;July ;;;;;;;;;;;;;;;;;;;;;;;;;;;;;;
Agosto ;1.142.259;159.870;260.789;91.240;160.213;58.997;29.799;74.720;44.907;18.952;24.136;27.346;17.125;8.724;8.000;8.856;3.339;6.136;139.110;August ;;;;;;;;;;;;;;;;;;;;;;;;;;;;;;
Setembro ;1.029.540;190.342;132.087;121.290;97.814;53.251;45.380;35.436;61.109;21.449;24.687;29.938;20.200;10.475;12.122;8.719;4.817;3.963;156.461;September ;;;;;;;;;;;;;;;;;;;;;;;;;;;;;;
Outubro;864.525;161.094;97.349;110.525;73.757;38.367;42.202;25.293;64.098;10.442;14.978;25.158;20.625;9.080;15.530;7.477;3.425;2.923;142.202;October;;;;;;;;;;;;;;;;;;;;;;;;;;;;;;
Novembro ;458.678;63.350;78.152;54.694;41.275;16.928;21.424;16.934;30.756;5.622;8.301;5.461;8.651;5.367;11.699;4.232;1.754;1.606;82.472;November ;;;;;;;;;;;;;;;;;;;;;;;;;;;;;;
Dezembro;358.218;43.693;79.114;31.809;31.876;13.667;13.580;15.291;30.474;3.434;5.107;2.781;5.761;3.682;7.045;2.403;1.174;1.615;65.712;December;;;;;;;;;;;;;;;;;;;;;;;;;;;;;;
;;;;;;;;;;;;;;;;;;;;;;;;;;;;;;;;;;;;;;;;;;;;;;;;;;
2014;9.899.306;1.603.274;1.525.569;1.058.937;1.092.133;461.551;388.573;384.214;613.444;146.925;240.128;241.984;184.993;102.734;144.953;89.789;34.494;36.221;1.549.390;2014;;;;;;;;;;;;;;;;;;;;;;;;;;;;;;
Janeiro ;346.055;48.501;52.465;33.925;29.589;16.288;10.083;14.277;38.276;3.607;4.769;3.444;5.026;4.497;6.484;2.410;1.034;1.510;69.870;January ;;;;;;;;;;;;;;;;;;;;;;;;;;;;;;
Fevereiro;408.967;64.859;67.585;53.660;36.094;22.624;11.539;13.882;23.922;4.894;5.870;4.219;7.097;7.167;9.164;4.483;1.435;1.377;69.096;February ;;;;;;;;;;;;;;;;;;;;;;;;;;;;;;
Março ;601.035;96.590;84.984;87.462;53.507;30.364;20.580;18.873;37.606;5.469;12.527;6.911;9.926;10.736;15.337;6.877;2.323;2.568;98.395;March ;;;;;;;;;;;;;;;;;;;;;;;;;;;;;;
Abril ;885.938;137.492;154.183;103.856;93.050;37.816;29.849;29.276;59.780;8.413;21.767;20.179;18.450;10.628;15.883;10.255;2.679;2.679;129.703;April ;;;;;;;;;;;;;;;;;;;;;;;;;;;;;;
Maio ;1.084.416;186.980;133.194;116.282;143.807;55.573;46.058;33.532;71.850;13.386;26.690;32.862;20.452;8.231;12.282;13.366;4.049;3.499;162.323;May ;;;;;;;;;;;;;;;;;;;;;;;;;;;;;;
Junho;1.023.724;202.298;120.086;109.819;112.132;50.791;48.189;32.694;49.015;19.242;28.374;37.440;18.935;7.426;10.558;9.797;4.322;3.887;158.719;June ;;;;;;;;;;;;;;;;;;;;;;;;;;;;;;
Julho ;1.122.759;180.483;188.294;87.484;112.555;61.176;46.008;45.213;54.829;24.074;38.822;33.697;24.846;13.657;14.523;10.538;4.904;4.852;176.804;July ;;;;;;;;;;;;;;;;;;;;;;;;;;;;;;
Agosto ;1.304.431;179.488;298.705;102.993;196.037;56.393;36.380;80.952;55.231;21.561;29.296;30.972;19.356;8.772;8.887;8.725;3.159;5.045;162.479;August ;;;;;;;;;;;;;;;;;;;;;;;;;;;;;;
Setembro ;1.160.003;207.348;141.896;134.253;122.466;52.924;51.554;39.194;76.120;22.070;31.871;33.928;22.761;10.897;12.906;9.680;4.297;4.058;181.780;September ;;;;;;;;;;;;;;;;;;;;;;;;;;;;;;
Outubro;1.006.602;179.649;116.913;123.276;97.963;43.330;50.439;32.466;72.814;13.447;20.573;27.443;21.791;9.266;18.731;7.211;3.185;2.937;165.168;October;;;;;;;;;;;;;;;;;;;;;;;;;;;;;;
Novembro ;533.570;71.106;76.782;66.258;55.613;20.086;23.601;21.196;37.790;6.843;12.361;7.047;9.617;6.683;12.681;3.775;1.834;2.083;98.214;November ;;;;;;;;;;;;;;;;;;;;;;;;;;;;;;
Dezembro;421.806;48.480;90.482;39.669;39.320;14.186;14.293;22.659;36.211;3.919;7.208;3.842;6.736;4.774;7.517;2.672;1.273;1.726;76.839;December;;;;;;;;;;;;;;;;;;;;;;;;;;;;;;
;;;;;;;;;;;;;;;;;;;;;;;;;;;;;;;;;;;;;;;;;;;;;;;;;;
2015;11.053.325;1.792.475;1.659.949;1.220.823;1.268.122;511.779;468.004;474.728;598.487;192.999;271.082;265.592;222.059;107.224;155.174;99.252;39.638;45.981;1.659.957;2015;;;;;;;;;;;;;;;;;;;;;;;;;;;;;;
Janeiro ;419.214;54.146;61.604;41.783;40.681;15.947;13.196;22.044;48.676;5.028;7.091;4.786;5.961;5.826;5.966;2.684;1.204;1.900;80.691;January ;;;;;;;;;;;;;;;;;;;;;;;;;;;;;;
Fevereiro;465.408;69.716;71.094;54.995;48.096;22.870;13.071;18.247;36.419;5.038;9.989;7.203;8.055;7.569;8.773;3.679;1.437;1.655;77.502;February ;;;;;;;;;;;;;;;;;;;;;;;;;;;;;;
Março ;668.371;99.440;106.486;99.660;63.027;30.982;25.918;25.123;32.737;6.713;13.425;9.431;13.200;11.502;15.154;8.486;1.754;2.549;102.784;March ;;;;;;;;;;;;;;;;;;;;;;;;;;;;;;
Abril ;967.708;144.276;155.144;121.694;112.061;41.567;41.706;36.843;48.677;11.717;26.321;20.738;23.839;10.796;19.050;11.437;3.078;3.502;135.262;April ;;;;;;;;;;;;;;;;;;;;;;;;;;;;;;
Maio ;1.189.868;207.360;120.919;138.901;165.321;63.919;55.090;43.985;71.728;16.493;31.462;34.501;23.918;7.411;13.289;14.540;4.563;5.788;170.680;May ;;;;;;;;;;;;;;;;;;;;;;;;;;;;;;
Junho;1.150.202;220.270;126.967;127.899;134.617;56.867;54.576;42.518;57.595;25.160;28.617;39.866;21.399;7.914;10.836;10.515;4.897;4.600;175.089;June ;;;;;;;;;;;;;;;;;;;;;;;;;;;;;;
Julho ;1.252.245;212.297;200.769;100.851;127.916;68.702;51.600;51.054;63.655;30.452;43.965;37.235;30.502;14.344;15.052;11.078;5.190;5.601;181.982;July ;;;;;;;;;;;;;;;;;;;;;;;;;;;;;;
Agosto ;1.418.908;199.030;311.996;121.249;211.969;60.390;43.206;96.318;49.164;28.135;31.941;33.288;22.254;7.385;9.286;10.276;4.250;6.672;172.099;August ;;;;;;;;;;;;;;;;;;;;;;;;;;;;;;
Setembro ;1.324.145;242.486;154.360;158.691;148.527;60.957;64.213;50.304;64.378;33.270;34.570;37.235;28.359;12.052;15.824;11.588;5.559;5.279;196.493;September ;;;;;;;;;;;;;;;;;;;;;;;;;;;;;;
Outubro;1.141.092;208.199;145.592;140.491;114.506;50.951;57.889;38.323;65.219;17.512;20.265;28.053;26.092;12.237;21.131;8.452;4.320;3.504;178.356;October;;;;;;;;;;;;;;;;;;;;;;;;;;;;;;
Novembro ;578.392;79.544;89.424;70.451;55.321;22.753;28.942;23.518;31.024;8.037;15.349;8.480;10.932;6.003;13.530;3.778;2.248;2.524;106.534;November ;;;;;;;;;;;;;;;;;;;;;;;;;;;;;;
Dezembro;477.772;55.711;115.594;44.158;46.080;15.874;18.597;26.451;29.215;5.444;8.087;4.776;7.548;4.185;7.283;2.739;1.138;2.407;82.485;December;;;;;;;;;;;;;;;;;;;;;;;;;;;;;;
;;;;;;;;;;;;;;;;;;;;;;;;;;;;;;;;;;;;;;;;;;;;;;;;;;
2016;12.531.006;1.992.033;1.820.213;1.359.622;1.498.595;600.906;563.554;536.316;682.664;222.497;301.129;303.318;264.595;126.510;162.421;119.487;47.811;48.322;1.881.013;2016;;;;;;;;;;;;;;;;;;;;;;;;;;;;;;
Janeiro ;455.348;62.702;69.369;43.697;44.088;18.422;15.069;26.199;39.054;7.277;8.109;5.747;7.093;5.871;6.522;2.796;1.389;2.099;89.845;January ;;;;;;;;;;;;;;;;;;;;;;;;;;;;;;
Fevereiro;553.739;84.347;91.569;63.560;55.751;26.545;17.454;22.129;35.401;8.147;10.349;7.483;10.409;8.952;9.162;4.076;1.723;2.073;94.609;February ;;;;;;;;;;;;;;;;;;;;;;;;;;;;;;
Março ;831.117;122.244;177.811;115.662;68.338;32.460;31.023;31.363;30.733;8.453;17.867;13.278;15.267;12.850;15.735;7.608;2.644;2.482;125.299;March ;;;;;;;;;;;;;;;;;;;;;;;;;;;;;;
Abril ;1.024.164;168.398;113.810;123.125;139.483;53.615;47.076;41.856;45.449;13.398;24.407;24.226;24.815;12.943;19.069;12.436;4.457;2.703;152.898;April ;;;;;;;;;;;;;;;;;;;;;;;;;;;;;;
Maio ;1.319.243;229.798;137.202;156.118;189.801;74.727;64.036;43.864;69.035;18.785;33.518;38.244;28.252;11.095;14.170;15.498;5.490;3.455;186.155;May ;;;;;;;;;;;;;;;;;;;;;;;;;;;;;;
Junho;1.292.068;240.346;141.024;140.109;167.818;68.084;65.273;50.157;59.945;30.392;31.761;43.693;25.511;8.922;12.473;12.324;5.889;5.399;182.948;June ;;;;;;;;;;;;;;;;;;;;;;;;;;;;;;
Julho ;1.438.565;236.274;238.915;116.347;158.477;73.875;66.411;56.723;64.881;33.627;50.995;43.670;35.452;17.037;17.088;13.880;6.583;6.068;202.262;July ;;;;;;;;;;;;;;;;;;;;;;;;;;;;;;
Agosto ;1.578.727;219.416;332.079;133.414;230.838;77.477;52.755;110.825;56.142;31.923;35.217;37.277;28.570;9.332;11.068;13.423;4.734;6.640;187.597;August ;;;;;;;;;;;;;;;;;;;;;;;;;;;;;;
Setembro ;1.460.061;246.644;166.159;173.255;175.703;71.356;76.373;50.993;81.844;33.600;38.296;39.809;33.304;13.652;15.395;14.499;6.499;6.000;216.680;September ;;;;;;;;;;;;;;;;;;;;;;;;;;;;;;
Outubro;1.313.604;222.304;145.108;166.350;144.756;56.548;68.238;43.467;90.913;20.056;23.924;32.527;33.311;12.963;20.160;13.230;4.516;4.752;210.481;October;;;;;;;;;;;;;;;;;;;;;;;;;;;;;;
Novembro ;705.314;91.575;92.819;80.888;68.796;27.868;35.568;29.152;59.522;10.266;18.330;11.426;13.203;7.927;14.530;6.315;2.547;3.615;130.967;November ;;;;;;;;;;;;;;;;;;;;;;;;;;;;;;
Dezembro;559.056;67.985;114.348;47.097;54.746;19.929;24.278;29.588;49.745;6.573;8.356;5.938;9.408;4.966;7.049;3.402;1.340;3.036;101.272;December;;;;;;;;;;;;;;;;;;;;;;;;;;;;;;
;;;;;;;;;;;;;;;;;;;;;;;;;;;;;;;;;;;;;;;;;;;;;;;;;;
2017;14.531.151;2.086.528;1.968.670;1.550.877;1.590.847;614.673;788.976;649.590;971.132;318.704;310.984;345.517;291.129;145.298;181.565;144.771;64.575;70.454;2.436.861;2017;;;;;;;;;;;;;;;;;;;;;;;;;;;;;;
Janeiro ;580.753;71.837;77.839;53.489;51.670;22.961;22.599;29.562;67.841;9.448;9.304;7.339;8.617;6.743;7.452;4.073;2.041;3.142;124.796;January ;;;;;;;;;;;;;;;;;;;;;;;;;;;;;;
Fevereiro;642.898;92.268;94.229;70.565;65.035;27.828;21.916;26.380;49.854;11.531;12.753;8.848;11.096;9.423;9.260;6.600;3.559;3.493;118.260;February ;;;;;;;;;;;;;;;;;;;;;;;;;;;;;;
Março ;898.708;133.727;108.734;121.239;88.947;39.324;43.548;36.633;61.417;14.427;19.461;15.656;16.761;13.016;15.065;9.190;3.232;3.968;154.363;March ;;;;;;;;;;;;;;;;;;;;;;;;;;;;;;
Abril ;1.331.588;192.470;223.354;154.007;151.111;53.915;62.962;50.495;78.147;21.048;29.729;30.284;30.464;14.381;19.520;16.548;4.388;5.318;193.447;April ;;;;;;;;;;;;;;;;;;;;;;;;;;;;;;
Maio ;1.494.622;244.227;128.646;165.426;195.246;71.198;90.835;52.224;100.267;30.711;32.620;42.939;29.972;11.922;16.479;18.709;6.790;5.943;250.468;May ;;;;;;;;;;;;;;;;;;;;;;;;;;;;;;
Junho;1.518.263;251.549;159.114;168.649;168.333;69.987;92.557;59.253;96.021;39.482;32.826;49.535;29.237;10.554;14.161;15.578;7.334;6.558;247.535;June ;;;;;;;;;;;;;;;;;;;;;;;;;;;;;;
Julho ;1.614.025;239.216;246.157;132.384;154.723;73.618;89.909;72.872;96.631;47.487;49.930;45.905;38.756;20.921;19.590;16.202;8.248;8.351;253.125;July ;;;;;;;;;;;;;;;;;;;;;;;;;;;;;;
Agosto ;1.767.644;229.094;343.074;146.897;237.195;78.632;75.091;131.270;78.017;39.741;36.072;42.661;28.504;11.705;13.077;16.329;6.559;9.771;243.955;August ;;;;;;;;;;;;;;;;;;;;;;;;;;;;;;
Setembro ;1.689.649;259.716;185.457;198.073;187.067;70.050;105.836;65.318;101.581;46.662;36.939;45.882;34.045;15.777;17.609;16.897;10.240;8.313;284.187;September ;;;;;;;;;;;;;;;;;;;;;;;;;;;;;;
Outubro;1.507.636;219.897;152.346;186.900;153.246;57.042;101.422;54.335;109.689;33.372;25.336;36.993;36.351;16.048;22.143;13.878;6.354;6.434;275.850;October;;;;;;;;;;;;;;;;;;;;;;;;;;;;;;
Novembro ;833.247;90.321;107.315;98.383;79.979;29.110;50.508;37.534;72.107;16.113;16.500;13.084;15.688;8.526;17.252;6.674;3.931;5.172;165.050;November ;;;;;;;;;;;;;;;;;;;;;;;;;;;;;;
Dezembro;652.118;62.206;142.405;54.865;58.295;21.008;31.793;33.714;59.560;8.682;9.514;6.391;11.638;6.282;9.957;4.093;1.899;3.991;125.825;December;;;;;;;;;;;;;;;;;;;;;;;;;;;;;;
;;;;;;;;;;;;;;;;;;;;;;;;;;;;;;;;;;;;;;;;;;;;;;;;;;
2018;15.227.164;2.029.601;2.065.861;1.582.550;1.626.311;607.041;980.120;664.780;1.103.015;283.180;325.638;357.269;300.441;141.518;189.093;140.499;66.032;72.842;2.691.373;2018;;;;;;;;;;;;;;;;;;;;;;;;;;;;;;
Janeiro ;624.260;67.058;78.677;55.234;60.412;23.303;27.717;31.541;82.224;11.815;9.835;7.875;9.139;7.273;10.026;3.802;1.783;3.468;133.078;January ;;;;;;;;;;;;;;;;;;;;;;;;;;;;;;
Fevereiro;704.233;89.030;98.912;73.442;70.562;28.668;30.721;28.383;63.624;12.255;13.800;9.740;12.646;9.317;10.394;5.990;2.552;3.871;140.326;February ;;;;;;;;;;;;;;;;;;;;;;;;;;;;;;
Março ;1.049.180;126.586;190.164;136.750;100.454;34.812;58.127;41.253;65.536;13.339;17.885;16.240;18.882;14.371;17.705;10.518;3.948;6.053;176.557;March ;;;;;;;;;;;;;;;;;;;;;;;;;;;;;;
Abril ;1.313.134;187.072;144.356;152.072;149.826;53.138;77.335;56.750;89.324;22.897;32.541;30.175;30.726;13.776;19.957;15.171;5.005;5.954;227.059;April ;;;;;;;;;;;;;;;;;;;;;;;;;;;;;;
Maio ;1.597.976;232.436;139.757;184.203;206.307;74.622;112.554;53.415;118.812;29.042;34.725;46.387;31.773;11.053;16.735;17.540;7.381;6.565;274.669;May ;;;;;;;;;;;;;;;;;;;;;;;;;;;;;;
Junho;1.557.569;243.282;163.132;162.188;170.718;67.259;115.865;56.841;105.248;33.387;34.011;51.367;31.089;9.564;13.923;15.094;7.664;7.425;269.512;June ;;;;;;;;;;;;;;;;;;;;;;;;;;;;;;
Julho ;1.669.264;227.375;242.121;136.787;151.986;72.973;118.181;68.054;115.398;39.209;50.639;47.496;39.417;19.872;19.354;16.352;9.014;7.878;287.158;July ;;;;;;;;;;;;;;;;;;;;;;;;;;;;;;
Agosto ;1.847.828;216.203;372.149;145.612;243.787;76.510;97.902;137.449;90.935;35.055;40.876;42.267;28.917;11.342;12.157;15.883;7.789;8.677;264.318;August ;;;;;;;;;;;;;;;;;;;;;;;;;;;;;;
Setembro ;1.734.429;248.233;197.693;205.149;181.020;68.904;123.069;65.084;112.065;36.939;38.459;47.689;35.191;16.352;17.210;16.004;9.533;8.259;307.576;September ;;;;;;;;;;;;;;;;;;;;;;;;;;;;;;
Outubro;1.533.971;218.893;170.788;180.814;156.359;56.099;116.281;51.614;109.243;28.001;26.664;36.455;34.519;13.857;23.564;13.703;6.246;6.400;284.471;October;;;;;;;;;;;;;;;;;;;;;;;;;;;;;;
Novembro ;893.742;102.918;126.840;91.768;76.130;30.372;64.526;38.333;80.729;12.958;16.012;13.560;16.203;8.597;17.753;6.431;3.335;4.749;182.528;November ;;;;;;;;;;;;;;;;;;;;;;;;;;;;;;
Dezembro;701.578;70.515;141.272;58.531;58.750;20.381;37.842;36.063;69.877;8.283;10.191;8.018;11.939;6.144;10.315;4.011;1.782;3.543;144.121;December;;;;;;;;;;;;;;;;;;;;;;;;;;;;;;
;;;;;;;;;;;;;;;;;;;;;;;;;;;;;;;;;;;;;;;;;;;;;;;;;;
2019;16.410.114;2.145.902;2.285.829;1.541.398;1.623.207;598.375;1.202.247;722.115;1.281.675;277.616;325.799;413.733;304.867;144.490;183.717;151.055;63.591;73.743;3.070.755;2019;;;;;;;;;;;;;;;;;;;;;;;;;;;;;;
Janeiro ;686.619;72.815;87.434;57.510;60.688;22.433;35.544;35.651;90.274;10.952;10.539;9.791;10.028;8.013;10.216;4.174;1.631;3.247;155.679;January ;;;;;;;;;;;;;;;;;;;;;;;;;;;;;;
Fevereiro;763.466;97.015;106.523;72.826;74.718;28.894;39.674;34.164;59.958;11.898;12.675;12.351;11.302;9.993;11.300;5.933;2.521;3.769;167.952;February ;;;;;;;;;;;;;;;;;;;;;;;;;;;;;;
Março ;1.070.865;133.747;150.425;128.235;98.581;39.084;70.901;48.461;85.233;13.339;19.397;16.376;18.274;14.487;17.002;8.164;3.244;4.784;201.131;March ;;;;;;;;;;;;;;;;;;;;;;;;;;;;;;
Abril ;1.452.570;192.173;218.390;150.561;151.471;50.945;91.963;63.134;98.660;20.615;30.890;36.271;30.123;13.901;20.539;15.893;4.398;6.384;256.259;April ;;;;;;;;;;;;;;;;;;;;;;;;;;;;;;
Maio ;1.726.237;250.900;171.639;168.215;202.105;70.870;135.605;63.047;131.258;30.342;35.097;51.801;33.899;10.946;15.394;20.331;8.560;7.384;318.844;May ;;;;;;;;;;;;;;;;;;;;;;;;;;;;;;
Junho;1.686.094;257.064;184.644;164.225;163.939;65.232;140.690;59.439;130.520;33.067;34.484;54.314;34.153;9.589;13.049;17.627;7.264;7.689;309.105;June ;;;;;;;;;;;;;;;;;;;;;;;;;;;;;;
Julho ;1.779.956;233.307;272.314;137.005;155.355;70.053;138.542;75.310;140.205;35.269;49.620;56.564;39.811;19.407;17.903;16.441;8.277;7.583;306.990;July ;;;;;;;;;;;;;;;;;;;;;;;;;;;;;;
Agosto ;1.966.661;228.903;406.450;142.713;252.827;72.649;118.214;136.064;110.469;35.157;38.405;52.902;30.311;12.030;11.590;16.831;6.814;8.267;286.065;August ;;;;;;;;;;;;;;;;;;;;;;;;;;;;;;
Setembro ;1.847.777;262.960;208.501;198.330;176.704;67.600;151.149;68.355;134.005;37.598;40.604;57.292;36.275;17.570;17.426;17.474;8.770;8.342;338.822;September ;;;;;;;;;;;;;;;;;;;;;;;;;;;;;;
Outubro;1.649.901;231.552;164.794;177.418;150.012;56.677;145.206;57.323;129.363;27.394;26.311;40.807;34.549;13.805;23.363;15.074;6.504;7.006;342.743;October;;;;;;;;;;;;;;;;;;;;;;;;;;;;;;
Novembro ;977.848;108.445;139.641;86.716;77.337;31.079;82.337;41.517;91.870;13.072;17.268;15.385;14.902;8.793;15.986;7.778;3.442;5.340;216.940;November ;;;;;;;;;;;;;;;;;;;;;;;;;;;;;;
Dezembro;802.120;77.021;175.074;57.644;59.470;22.859;52.422;39.650;79.860;8.913;10.509;9.879;11.240;5.956;9.949;5.335;2.166;3.948;170.225;December;;;;;;;;;;;;;;;;;;;;;;;;;;;;;;
;;;;;;;;;;;;;;;;;;;;;;;;;;;;;;;;;;;;;;;;;;;;;;;;;;
2020;3.904.945;456.639;795.290;438.321;470.695;179.947;133.056;162.028;272.884;62.124;95.136;51.904;81.739;30.691;45.201;20.945;18.654;22.754;566.937;2020;;;;;;;;;;;;;;;;;;;;;;;;;;;;;;
Janeiro ;757.890;77.169;105.982;53.516;59.561;23.783;40.539;38.427;98.170;10.449;10.781;10.127;10.315;7.182;9.019;4.974;2.381;3.858;191.657;January ;;;;;;;;;;;;;;;;;;;;;;;;;;;;;;
Fevereiro;806.442;101.484;138.087;71.679;75.596;30.396;43.304;30.843;74.161;12.509;13.728;13.626;11.770;10.241;11.434;6.413;2.848;4.069;154.254;February ;;;;;;;;;;;;;;;;;;;;;;;;;;;;;;
Março ;387.859;58.204;42.943;52.372;36.449;17.688;23.873;8.551;35.138;4.817;6.867;6.777;5.925;5.462;6.403;2.811;1.556;1.980;70.043;March ;;;;;;;;;;;;;;;;;;;;;;;;;;;;;;
Abril ;5.356;379;744;267;342;269;194;274;802;55;224;65;138;70;64;48;11;151;1.259;April ;;;;;;;;;;;;;;;;;;;;;;;;;;;;;;
Maio ;12.573;1.072;2.785;1.116;1.021;520;321;518;1.739;187;241;281;248;50;140;57;20;419;1.838;May ;;;;;;;;;;;;;;;;;;;;;;;;;;;;;;
Junho;49.914;3.591;7.870;7.438;5.311;4.508;1.256;1.891;4.021;620;2.319;934;2.361;232;585;226;146;509;6.096;June ;;;;;;;;;;;;;;;;;;;;;;;;;;;;;;
Julho ;278.181;17.882;87.580;35.134;40.839;17.074;3.463;11.574;8.953;2.632;13.386;3.488;12.277;906;2.643;795;732;1.224;17.599;July ;;;;;;;;;;;;;;;;;;;;;;;;;;;;;;
Agosto ;565.662;57.372;190.047;60.040;101.624;21.435;5.338;32.234;12.979;7.074;11.821;4.711;14.689;1.482;2.999;1.235;3.101;2.963;34.518;August ;;;;;;;;;;;;;;;;;;;;;;;;;;;;;;
Setembro ;470.747;73.294;105.690;78.985;57.082;27.428;5.198;16.179;11.893;9.860;18.374;4.911;15.983;2.833;3.914;1.370;3.558;3.404;30.791;September ;;;;;;;;;;;;;;;;;;;;;;;;;;;;;;
Outubro;351.037;38.345;81.655;49.486;60.438;27.813;4.604;13.109;10.818;7.700;9.797;3.418;3.599;1.228;5.079;1.495;2.471;2.759;27.223;October;;;;;;;;;;;;;;;;;;;;;;;;;;;;;;
Novembro ;109.858;14.374;16.771;15.249;12.198;5.868;2.571;4.659;6.120;3.044;4.450;2.016;2.096;616;1.735;899;1.041;743;15.408;November ;;;;;;;;;;;;;;;;;;;;;;;;;;;;;;
Dezembro;109.426;13.473;15.136;13.039;20.234;3.165;2.395;3.769;8.090;3.177;3.148;1.550;2.338;389;1.186;622;789;675;16.251;December;;;;;;;;;;;;;;;;;;;;;;;;;;;;;;
;;;;;;;;;;;;;;;;;;;;;;;;;;;;;;;;;;;;;;;;;;;;;;;;;;
2021;5.917.873;693.307;1.151.629;569.517;773.253;311.255;345.521;257.072;235.292;154.606;187.716;135.068;162.852;71.943;63.203;59.624;48.231;43.121;654.663;2021;;;;;;;;;;;;;;;;;;;;;;;;;;;;;;
Janeiro ;72.444;4.361;10.205;11.271;11.951;2.147;1.564;3.266;5.472;2.602;1.818;1.128;1.926;451;980;634;654;643;11.371;January ;;;;;;;;;;;;;;;;;;;;;;;;;;;;;;
Fevereiro;29.306;1.907;5.599;2.358;3.379;1.027;713;1.724;2.376;1.359;552;365;422;292;291;144;412;385;6.001;February ;;;;;;;;;;;;;;;;;;;;;;;;;;;;;;
Março ;44.445;2.354;10.003;4.296;5.764;1.547;1.267;2.185;2.719;1.892;834;380;819;469;417;303;510;528;8.158;March ;;;;;;;;;;;;;;;;;;;;;;;;;;;;;;
Abril ;81.995;5.238;15.346;9.786;7.366;2.970;2.325;4.257;4.497;3.098;2.474;785;4.444;667;733;971;1.471;756;14.811;April ;;;;;;;;;;;;;;;;;;;;;;;;;;;;;;
Maio ;274.344;60.170;59.321;25.126;27.322;8.037;5.987;8.602;8.523;6.483;10.770;3.310;11.219;1.602;1.618;2.118;2.879;2.317;28.940;May ;;;;;;;;;;;;;;;;;;;;;;;;;;;;;;
Junho;445.572;72.049;93.672;43.523;54.968;26.681;13.591;15.185;11.060;15.322;17.853;5.142;13.267;4.440;2.472;4.369;5.694;5.015;41.269;June ;;;;;;;;;;;;;;;;;;;;;;;;;;;;;;
Julho ;596.652;50.152;127.310;25.788;92.681;35.310;37.115;25.420;13.781;24.406;27.218;8.975;25.612;14.479;5.673;6.585;7.979;6.394;61.774;July ;;;;;;;;;;;;;;;;;;;;;;;;;;;;;;
Agosto ;1.040.993;98.556;264.222;67.487;193.899;55.230;49.022;58.944;17.248;26.694;29.582;24.958;26.341;9.395;5.959;10.474;7.273;6.865;88.844;August ;;;;;;;;;;;;;;;;;;;;;;;;;;;;;;
Setembro ;974.489;129.384;165.642;112.799;115.029;60.665;66.382;36.191;24.606;27.698;35.318;34.425;26.248;10.532;8.939;11.485;7.374;6.176;95.596;September ;;;;;;;;;;;;;;;;;;;;;;;;;;;;;;
Outubro;1.136.704;150.784;193.912;138.500;125.144;65.760;75.101;41.319;49.312;22.716;29.780;35.439;31.594;15.396;16.051;12.143;6.960;5.778;121.015;October;;;;;;;;;;;;;;;;;;;;;;;;;;;;;;
Novembro ;749.453;77.960;109.789;83.862;89.731;32.860;57.935;34.839;51.754;14.347;22.389;14.043;14.955;9.363;14.092;6.475;4.607;4.523;105.929;November ;;;;;;;;;;;;;;;;;;;;;;;;;;;;;;
Dezembro;471.476;40.392;96.608;44.721;46.019;19.021;34.519;25.140;43.944;7.989;9.128;6.118;6.005;4.857;5.978;3.923;2.418;3.741;70.955;December;;;;;;;;;;;;;;;;;;;;;;;;;;;;;;
;;;;;;;;;;;;;;;;;;;;;;;;;;;;;;;;;;;;;;;;;;;;;;;;;;
2022;;;;;;;;;;;;;;;;;;;;2022;;;;;;;;;;;;;;;;;;;;;;;;;;;;;;
Janeiro ;348.060;35.520;42.027;35.362;31.300;21.565;20.574;17.017;42.288;8.985;8.838;5.971;5.130;5.421;4.529;3.093;1.898;3.056;55.486;January ;;;;;;;;;;;;;;;;;;;;;;;;;;;;;;
Fevereiro;572.979;76.818;100.657;51.898;70.857;33.229;29.098;23.527;37.503;12.732;13.592;12.661;10.206;8.408;6.297;5.619;3.039;3.546;73.292;February ;;;;;;;;;;;;;;;;;;;;;;;;;;;;;;
Março ;861.817;126.316;99.628;104.512;95.637;40.087;74.693;37.410;52.657;14.471;20.112;21.541;15.205;11.729;11.392;7.993;5.611;5.587;117.236;March ;;;;;;;;;;;;;;;;;;;;;;;;;;;;;;
Abril ;1.359.316;202.398;223.621;142.507;135.023;56.305;113.634;53.220;74.786;20.888;32.438;42.547;30.865;14.506;14.120;13.860;7.616;8.662;172.320;April ;;;;;;;;;;;;;;;;;;;;;;;;;;;;;;
Maio ;1.586.124;253.228;160.063;160.180;182.659;80.376;163.252;59.773;92.720;28.050;35.126;55.757;33.720;15.351;13.046;18.515;11.623;9.315;213.370;May ;;;;;;;;;;;;;;;;;;;;;;;;;;;;;;
Junho;1.581.023;255.236;174.241;158.907;145.099;70.105;181.869;61.799;94.937;31.867;32.466;59.481;33.015;11.753;12.362;15.833;11.520;9.388;221.145;June ;;;;;;;;;;;;;;;;;;;;;;;;;;;;;;
Julho ;1.821.110;246.093;287.625;140.159;165.385;76.759;185.067;74.229;100.879;34.868;52.574;60.734;48.492;24.874;17.477;16.828;14.119;9.945;265.003;July ;;;;;;;;;;;;;;;;;;;;;;;;;;;;;;
Agosto ;1.958.229;231.064;407.798;145.966;265.672;77.431;148.626;135.066;80.570;32.128;37.592;54.648;37.645;14.398;10.798;17.529;10.356;10.061;240.881;August ;;;;;;;;;;;;;;;;;;;;;;;;;;;;;;
Setembro ;1.778.224;262.915;209.463;178.806;165.334;71.018;205.312;68.367;98.298;33.901;42.642;60.442;38.133;18.443;15.273;17.392;11.815;8.231;272.439;September ;;;;;;;;;;;;;;;;;;;;;;;;;;;;;;
Outubro;1.653.153;234.910;186.080;160.355;153.302;60.201;196.142;59.905;103.959;26.705;29.356;51.897;38.330;18.087;20.724;14.648;9.906;7.431;281.215;October;;;;;;;;;;;;;;;;;;;;;;;;;;;;;;
Novembro ;992.976;105.748;125.674;92.343;89.957;31.957;114.073;40.441;80.872;19.189;18.359;19.550;16.116;9.609;14.989;7.296;5.866;6.430;194.507;November ;;;;;;;;;;;;;;;;;;;;;;;;;;;;;;
Dezembro;;;;;;;;;;;;;;;;;;;;December;;;;;;;;;;;;;;;;;;;;;;;;;;;;;;
;;;;;;;;;;;;;;;;;;;;;;;;;;;;;;;;;;;;;;;;;;;;;;;;;;
Anos e meses;Total;United Kingdom;Spain;Germany;France;Netherlands;USA;Italy;Brazil;Poland;Belgium;Ireland;Switzerland;Denmark;Sweden;Austria;Czechia;Romania;Other countries;Year / month;;;;;;;;;;;;;;;;;;;;;;;;;;;;;;
;;;;;;;;;;;;;;;;;;;;;;;;;;;;;;;;;;;;;;;;;;;;;;;;;;
Janeiro 2022 ? outubro 2022: resultados provisórios;;;;;;;;;;;;;;;;;;;;January 2022 - October 2022: provisional data;;;;;;;;;;;;;;;;;;;;;;;;;;;;;;
"ovisórioNovembro 2022; resultados preliminares";;;;;;;;;;;;;;;;;;;;November 2022: preliminary data;;;;;;;;;;;;;;;;;;;;;;;;;;;;;;
(a) Não inclui alojamento local na RA Açores até 2017;;;;;;;;;;;;;;;;;;;;(a) Does not include local accommodation in RA Açores until 2017;;;;;;;;;;;;;;;;;;;;;;;;;;;;;;
;;;;;;;;;;;;;;;;;;;;;;;;;;;;;;;;;;;;;;;;;;;;;;;;;;
;;;;;;;;;;;;;;;;;;;;;;;;;;;;;;;;;;;;;;;;;;;;;;;;;;
;;;;;;;;;;;;;;;;;;;;;;;;;;;;;;;;;;;;;;;;;;;;;;;;;;
;;;;;;;;;;;;;;;;;;;;;;;;;;;;;;;;;;;;;;;;;;;;;;;;;;
;;;;;;;;;;;;;;;;;;;;;;;;;;;;;;;;;;;;;;;;;;;;;;;;;;
;;;;;;;;;;;;;;;;;;;;;;;;;;;;;;;;;;;;;;;;;;;;;;;;;;
;;;;;;;;;;;;;;;;;;;;;;;;;;;;;;;;;;;;;;;;;;;;;;;;;;
;;;;;;;;;;;;;;;;;;;;;;;;;;;;;;;;;;;;;;;;;;;;;;;;;;
;;;;;;;;;;;;;;;;;;;;;;;;;;;;;;;;;;;;;;;;;;;;;;;;;;
;;;;;;;;;;;;;;;;;;;;;;;;;;;;;;;;;;;;;;;;;;;;;;;;;;
;;;;;;;;;;;;;;;;;;;;;;;;;;;;;;;;;;;;;;;;;;;;;;;;;;
